{
  "project_info": {
    "project_number": "496913731376",
    "project_id": "donation-spot",
    "storage_bucket": "donation-spot.appspot.com"
  },
  "client": [
    {
      "client_info": {
        "mobilesdk_app_id": "1:496913731376:android:ebd6a15de0b85edcf082f5",
        "android_client_info": {
          "package_name": "com.donation_spot.own"
        }
      },
      "oauth_client": [],
      "api_key": [
        {
          "current_key": "AIzaSyBt81sKk1dq3zedhw5KwZaCJtoGqI6aeIQ"
        }
      ],
      "services": {
        "appinvite_service": {
          "other_platform_oauth_client": []
        }
      }
    }
  ],
  "configuration_version": "1"
}