{"v":"5.5.7","meta":{"g":"LottieFiles AE 0.1.20","a":"","k":"","d":"","tc":""},"fr":30,"ip":0,"op":91,"w":175,"h":176,"nm":"menu-loading","ddd":0,"assets":[],"layers":[{"ddd":0,"ind":1,"ty":4,"nm":"menu-loading Outlines","sr":1,"ks":{"o":{"a":0,"k":100,"ix":11},"r":{"a":0,"k":0,"ix":10},"p":{"a":1,"k":[{"i":{"x":0.833,"y":0.833},"o":{"x":0.333,"y":0},"t":0,"s":[87.5,88,0],"to":[0,10.729,0],"ti":[0,-10.729,0]},{"i":{"x":0.833,"y":0.833},"o":{"x":0.333,"y":0.333},"t":22.5,"s":[87.5,152.375,0],"to":[0,0,0],"ti":[0,0,0]},{"i":{"x":0.833,"y":0.833},"o":{"x":0.333,"y":0},"t":30,"s":[87.5,152.375,0],"to":[0,10.667,0],"ti":[0,-10.667,0]},{"i":{"x":0.833,"y":0.833},"o":{"x":0.333,"y":0.333},"t":52.5,"s":[87.5,216.375,0],"to":[0,0,0],"ti":[0,0,0]},{"i":{"x":0.833,"y":0.833},"o":{"x":0.333,"y":0},"t":60,"s":[87.5,216.375,0],"to":[0,10.646,0],"ti":[0,-10.646,0]},{"t":82.5,"s":[87.5,280.25,0]}],"ix":2},"a":{"a":0,"k":[87.5,88,0],"ix":1},"s":{"a":0,"k":[100,100,100],"ix":6}},"ao":0,"shapes":[{"ty":"gr","it":[{"ty":"gr","it":[{"ind":0,"ty":"sh","ix":1,"ks":{"a":0,"k":{"i":[[-2.209,0],[0,0],[0,-2.209],[2.209,0],[0,0],[0,2.209]],"o":[[0,0],[2.209,0],[0,2.209],[0,0],[-2.209,0],[0,-2.209]],"v":[[-16,-4],[16,-4],[20,0],[16,4],[-16,4],[-20,0]],"c":true},"ix":2},"nm":"Path 1","mn":"ADBE Vector Shape - Group","hd":false},{"ty":"fl","c":{"a":0,"k":[0.969000004787,0.969000004787,0.969000004787,1],"ix":4},"o":{"a":0,"k":100,"ix":5},"r":1,"bm":0,"nm":"Fill 1","mn":"ADBE Vector Graphic - Fill","hd":false},{"ty":"tr","p":{"a":0,"k":[20,40],"ix":2},"a":{"a":0,"k":[0,0],"ix":1},"s":{"a":0,"k":[100,100],"ix":3},"r":{"a":0,"k":0,"ix":6},"o":{"a":0,"k":100,"ix":7},"sk":{"a":0,"k":0,"ix":4},"sa":{"a":0,"k":0,"ix":5},"nm":"Transform"}],"nm":"Group 11","np":4,"cix":2,"bm":0,"ix":1,"mn":"ADBE Vector Group","hd":false},{"ty":"gr","it":[{"ind":0,"ty":"sh","ix":1,"ks":{"a":0,"k":{"i":[[-2.209,0],[0,0],[0,-2.209],[2.209,0],[0,0],[0,2.209]],"o":[[0,0],[2.209,0],[0,2.209],[0,0],[-2.209,0],[0,-2.209]],"v":[[-55.5,-4],[55.5,-4],[59.5,0],[55.5,4],[-55.5,4],[-59.5,0]],"c":true},"ix":2},"nm":"Path 1","mn":"ADBE Vector Shape - Group","hd":false},{"ty":"fl","c":{"a":0,"k":[0.969000004787,0.969000004787,0.969000004787,1],"ix":4},"o":{"a":0,"k":100,"ix":5},"r":1,"bm":0,"nm":"Fill 1","mn":"ADBE Vector Graphic - Fill","hd":false},{"ty":"tr","p":{"a":0,"k":[59.5,28],"ix":2},"a":{"a":0,"k":[0,0],"ix":1},"s":{"a":0,"k":[100,100],"ix":3},"r":{"a":0,"k":0,"ix":6},"o":{"a":0,"k":100,"ix":7},"sk":{"a":0,"k":0,"ix":4},"sa":{"a":0,"k":0,"ix":5},"nm":"Transform"}],"nm":"Group 12","np":4,"cix":2,"bm":0,"ix":2,"mn":"ADBE Vector Group","hd":false},{"ty":"gr","it":[{"ind":0,"ty":"sh","ix":1,"ks":{"a":0,"k":{"i":[[-0.507,0.416],[-0.164,-0.2],[0.2,-0.164],[0,-0.377],[-0.126,-0.199],[0.219,-0.138],[0.138,0.219],[0,0.416]],"o":[[0.199,-0.165],[0.165,0.2],[-0.288,0.237],[0,0.239],[0.139,0.219],[-0.219,0.139],[-0.222,-0.349],[0,-0.658]],"v":[[0.156,-5.237],[0.815,-5.173],[0.751,-4.513],[0.297,-3.547],[0.49,-2.877],[0.344,-2.23],[-0.302,-2.376],[-0.641,-3.547]],"c":true},"ix":2},"nm":"Path 1","mn":"ADBE Vector Shape - Group","hd":false},{"ind":1,"ty":"sh","ix":2,"ks":{"a":0,"k":{"i":[[-0.165,0.2],[-0.2,-0.164],[0,-0.659],[0.506,-0.416],[0,-0.377],[-0.126,-0.199],[0.219,-0.138],[0.138,0.218],[0,0.416],[-0.507,0.416],[0,0.377],[0.288,0.237]],"o":[[0.164,-0.2],[0.506,0.416],[0,0.658],[-0.288,0.237],[0,0.239],[0.139,0.219],[-0.219,0.139],[-0.222,-0.349],[0,-0.658],[0.288,-0.237],[0,-0.377],[-0.2,-0.165]],"v":[[-2.408,-7.829],[-1.749,-7.894],[-0.953,-6.203],[-1.749,-4.513],[-2.203,-3.547],[-2.01,-2.877],[-2.156,-2.23],[-2.802,-2.376],[-3.141,-3.547],[-2.344,-5.237],[-1.891,-6.203],[-2.344,-7.169]],"c":true},"ix":2},"nm":"Path 2","mn":"ADBE Vector Shape - Group","hd":false},{"ind":2,"ty":"sh","ix":3,"ks":{"a":0,"k":{"i":[[0.43,0],[0,0],[0,0],[0,0],[0,0.43]],"o":[[0,0],[0,0],[0,0],[0.43,0],[0,-0.431]],"v":[[5.172,1.094],[4.672,1.094],[4.672,2.656],[5.172,2.656],[5.953,1.875]],"c":true},"ix":2},"nm":"Path 3","mn":"ADBE Vector Shape - Group","hd":false},{"ind":3,"ty":"sh","ix":4,"ks":{"a":0,"k":{"i":[[0,0],[0,-0.259],[0,0],[0,0],[0,-0.948],[0.948,0],[0,0],[1.436,-0.206],[0,0],[0.259,0],[0,0],[0,0.259],[0,0],[0,1.65],[0,0],[-0.259,0]],"o":[[0.259,0],[0,0],[0,0],[0.948,0],[0,0.948],[0,0],[-0.206,1.435],[0,0],[0,0.259],[0,0],[-0.258,0],[0,0],[-1.588,-0.228],[0,0],[0,-0.259],[0,0]],"v":[[4.203,-0.469],[4.672,0],[4.672,0.156],[5.172,0.156],[6.89,1.875],[5.172,3.594],[4.638,3.594],[1.859,6.372],[1.859,7.531],[1.39,8],[-3.61,8],[-4.078,7.531],[-4.078,6.372],[-6.891,3.125],[-6.891,0],[-6.422,-0.469]],"c":true},"ix":2},"nm":"Path 4","mn":"ADBE Vector Shape - Group","hd":false},{"ty":"mm","mm":1,"nm":"Merge Paths 1","mn":"ADBE Vector Filter - Merge","hd":false},{"ty":"mm","mm":4,"nm":"Merge Paths 2","mn":"ADBE Vector Filter - Merge","hd":false},{"ty":"fl","c":{"a":0,"k":[0.109999997008,0.109999997008,0.109999997008,1],"ix":4},"o":{"a":0,"k":100,"ix":5},"r":1,"bm":0,"nm":"Fill 1","mn":"ADBE Vector Graphic - Fill","hd":false},{"ty":"tr","p":{"a":0,"k":[151.239,24],"ix":2},"a":{"a":0,"k":[0,0],"ix":1},"s":{"a":0,"k":[100,100],"ix":3},"r":{"a":0,"k":0,"ix":6},"o":{"a":0,"k":35,"ix":7},"sk":{"a":0,"k":0,"ix":4},"sa":{"a":0,"k":0,"ix":5},"nm":"Transform"}],"nm":"Group 13","np":7,"cix":2,"bm":0,"ix":3,"mn":"ADBE Vector Group","hd":false},{"ty":"gr","it":[{"ind":0,"ty":"sh","ix":1,"ks":{"a":0,"k":{"i":[[-4.759,0.948],[-4.42,0],[-4.392,-0.876],[-0.948,-4.756],[0,-4.429],[0.88,-4.386],[4.747,-0.95],[4.414,0],[4.471,0.891],[0.949,4.755],[0,4.408],[-0.886,4.451]],"o":[[4.449,-0.887],[4.392,0],[4.757,0.949],[0.898,4.502],[0,4.386],[-0.952,4.746],[-4.339,0.868],[-4.471,0],[-4.756,-0.947],[-0.868,-4.35],[0,-4.449],[0.946,-4.758]],"v":[[-13.248,-22.67],[0.055,-24],[13.232,-22.686],[22.654,-13.263],[24,0.133],[22.68,13.292],[13.269,22.698],[0.14,24],[-13.274,22.663],[-22.697,13.244],[-24,0.108],[-22.672,-13.243]],"c":true},"ix":2},"nm":"Path 1","mn":"ADBE Vector Shape - Group","hd":false},{"ty":"fl","c":{"a":0,"k":[0.969000004787,0.969000004787,0.969000004787,1],"ix":4},"o":{"a":0,"k":100,"ix":5},"r":1,"bm":0,"nm":"Fill 1","mn":"ADBE Vector Graphic - Fill","hd":false},{"ty":"tr","p":{"a":0,"k":[151,24],"ix":2},"a":{"a":0,"k":[0,0],"ix":1},"s":{"a":0,"k":[100,100],"ix":3},"r":{"a":0,"k":0,"ix":6},"o":{"a":0,"k":100,"ix":7},"sk":{"a":0,"k":0,"ix":4},"sa":{"a":0,"k":0,"ix":5},"nm":"Transform"}],"nm":"Group 14","np":4,"cix":2,"bm":0,"ix":4,"mn":"ADBE Vector Group","hd":false},{"ty":"gr","it":[{"ind":0,"ty":"sh","ix":1,"ks":{"a":0,"k":{"i":[[-3.313,0],[0,0],[0,-3.313],[0,0],[3.313,0],[0,0],[0,3.313],[0,0]],"o":[[0,0],[3.313,0],[0,0],[0,3.313],[0,0],[-3.313,0],[0,0],[0,-3.313]],"v":[[-53.5,-8],[53.5,-8],[59.5,-2],[59.5,2],[53.5,8],[-53.5,8],[-59.5,2],[-59.5,-2]],"c":true},"ix":2},"nm":"Path 1","mn":"ADBE Vector Shape - Group","hd":false},{"ty":"fl","c":{"a":0,"k":[0.969000004787,0.969000004787,0.969000004787,1],"ix":4},"o":{"a":0,"k":100,"ix":5},"r":1,"bm":0,"nm":"Fill 1","mn":"ADBE Vector Graphic - Fill","hd":false},{"ty":"tr","p":{"a":0,"k":[59.5,12],"ix":2},"a":{"a":0,"k":[0,0],"ix":1},"s":{"a":0,"k":[100,100],"ix":3},"r":{"a":0,"k":0,"ix":6},"o":{"a":0,"k":100,"ix":7},"sk":{"a":0,"k":0,"ix":4},"sa":{"a":0,"k":0,"ix":5},"nm":"Transform"}],"nm":"Group 15","np":4,"cix":2,"bm":0,"ix":5,"mn":"ADBE Vector Group","hd":false},{"ty":"tr","p":{"a":0,"k":[87.5,-104.25],"ix":2},"a":{"a":0,"k":[87.5,88],"ix":1},"s":{"a":0,"k":[100,100],"ix":3},"r":{"a":0,"k":0,"ix":6},"o":{"a":1,"k":[{"i":{"x":[0.833],"y":[0.833]},"o":{"x":[0.333],"y":[0]},"t":82.5,"s":[0]},{"t":90,"s":[100]}],"ix":7},"sk":{"a":0,"k":0,"ix":4},"sa":{"a":0,"k":0,"ix":5},"nm":"Transform"}],"nm":"1","np":5,"cix":2,"bm":0,"ix":1,"mn":"ADBE Vector Group","hd":false},{"ty":"gr","it":[{"ty":"gr","it":[{"ind":0,"ty":"sh","ix":1,"ks":{"a":0,"k":{"i":[[-2.209,0],[0,0],[0,-2.209],[2.209,0],[0,0],[0,2.209]],"o":[[0,0],[2.209,0],[0,2.209],[0,0],[-2.209,0],[0,-2.209]],"v":[[-16,-4],[16,-4],[20,0],[16,4],[-16,4],[-20,0]],"c":true},"ix":2},"nm":"Path 1","mn":"ADBE Vector Shape - Group","hd":false},{"ty":"fl","c":{"a":0,"k":[0.969000004787,0.969000004787,0.969000004787,1],"ix":4},"o":{"a":0,"k":100,"ix":5},"r":1,"bm":0,"nm":"Fill 1","mn":"ADBE Vector Graphic - Fill","hd":false},{"ty":"tr","p":{"a":0,"k":[20,104],"ix":2},"a":{"a":0,"k":[0,0],"ix":1},"s":{"a":0,"k":[100,100],"ix":3},"r":{"a":0,"k":0,"ix":6},"o":{"a":0,"k":100,"ix":7},"sk":{"a":0,"k":0,"ix":4},"sa":{"a":0,"k":0,"ix":5},"nm":"Transform"}],"nm":"Group 6","np":4,"cix":2,"bm":0,"ix":1,"mn":"ADBE Vector Group","hd":false},{"ty":"gr","it":[{"ind":0,"ty":"sh","ix":1,"ks":{"a":0,"k":{"i":[[-2.209,0],[0,0],[0,-2.209],[2.209,0],[0,0],[0,2.209]],"o":[[0,0],[2.209,0],[0,2.209],[0,0],[-2.209,0],[0,-2.209]],"v":[[-55.5,-4],[55.5,-4],[59.5,0],[55.5,4],[-55.5,4],[-59.5,0]],"c":true},"ix":2},"nm":"Path 1","mn":"ADBE Vector Shape - Group","hd":false},{"ty":"fl","c":{"a":0,"k":[0.969000004787,0.969000004787,0.969000004787,1],"ix":4},"o":{"a":0,"k":100,"ix":5},"r":1,"bm":0,"nm":"Fill 1","mn":"ADBE Vector Graphic - Fill","hd":false},{"ty":"tr","p":{"a":0,"k":[59.5,92],"ix":2},"a":{"a":0,"k":[0,0],"ix":1},"s":{"a":0,"k":[100,100],"ix":3},"r":{"a":0,"k":0,"ix":6},"o":{"a":0,"k":100,"ix":7},"sk":{"a":0,"k":0,"ix":4},"sa":{"a":0,"k":0,"ix":5},"nm":"Transform"}],"nm":"Group 7","np":4,"cix":2,"bm":0,"ix":2,"mn":"ADBE Vector Group","hd":false},{"ty":"gr","it":[{"ind":0,"ty":"sh","ix":1,"ks":{"a":0,"k":{"i":[[-1.712,0],[-1.225,-0.916],[-0.077,-1.306],[0,0],[0,-0.402],[0.402,0],[0,0],[0,0.402],[-0.401,0],[0,0],[-1.213,0.908]],"o":[[1.712,0],[1.214,0.908],[0,0],[0.402,0],[0,0.402],[0,0],[-0.401,0],[0,-0.402],[0,0],[0.077,-1.306],[1.225,-0.916]],"v":[[0.006,-6.542],[4.56,-5.12],[6.55,-1.7],[6.788,-1.7],[7.516,-0.973],[6.788,-0.245],[-6.788,-0.245],[-7.515,-0.973],[-6.788,-1.7],[-6.538,-1.7],[-4.548,-5.12]],"c":true},"ix":2},"nm":"Path 1","mn":"ADBE Vector Shape - Group","hd":false},{"ind":1,"ty":"sh","ix":2,"ks":{"a":0,"k":{"i":[[0.181,0],[0,0],[0.305,-0.102],[0.846,0],[0.393,0.131],[0.609,0],[0.132,-0.014],[0,0],[0,0],[0,0],[0,0],[0,0],[0,0]],"o":[[0,0],[-0.48,0.017],[-0.394,0.131],[-0.845,0],[-0.344,-0.115],[-0.181,0],[0,0],[0,0],[0,0],[0,0],[0,0],[0,0],[-0.132,-0.014]],"v":[[2.909,2.42],[2.718,2.424],[1.685,2.626],[0,2.906],[-1.684,2.626],[-2.909,2.42],[-3.372,2.443],[-2.706,3.109],[-0.728,5.087],[-0.001,5.814],[0,5.816],[2.707,3.109],[3.373,2.443]],"c":true},"ix":2},"nm":"Path 2","mn":"ADBE Vector Shape - Group","hd":false},{"ind":2,"ty":"sh","ix":3,"ks":{"a":0,"k":{"i":[[-0.768,0],[0,0],[-0.333,-0.108],[-0.036,-0.012],[-0.609,0],[-0.344,0.115],[-0.127,-0.381],[0.381,-0.127],[0.41,-0.054],[0,0],[1.737,0],[0,0],[0,1.738],[0,0],[0.262,0.087],[-0.127,0.381],[-0.381,-0.127],[-0.609,0],[-0.343,0.115],[-0.037,0.013],[-0.769,0],[0,0],[-0.332,-0.108],[-0.037,-0.012],[-0.609,0],[-0.344,0.115],[-0.037,0.013]],"o":[[0,0],[0.635,0.021],[0.037,0.013],[0.344,0.115],[0.61,0],[0.381,-0.127],[0.127,0.381],[-0.262,0.087],[0,0],[0,1.738],[0,0],[-1.738,0],[0,0],[-0.41,-0.054],[-0.381,-0.127],[0.127,-0.381],[0.344,0.115],[0.609,0],[0.037,-0.012],[0.369,-0.12],[0,0],[0.634,0.021],[0.037,0.013],[0.343,0.115],[0.61,0],[0.036,-0.012],[0.368,-0.12]],"v":[[2.909,0.965],[3.13,0.969],[4.485,1.208],[4.594,1.245],[5.818,1.451],[7.043,1.245],[7.963,1.706],[7.503,2.626],[6.546,2.861],[6.546,3.389],[3.395,6.542],[-3.393,6.542],[-6.545,3.389],[-6.545,2.861],[-7.503,2.626],[-7.963,1.706],[-7.043,1.245],[-5.818,1.451],[-4.594,1.245],[-4.484,1.208],[-2.909,0.965],[-2.688,0.969],[-1.334,1.208],[-1.224,1.245],[0,1.451],[1.225,1.245],[1.334,1.208]],"c":true},"ix":2},"nm":"Path 3","mn":"ADBE Vector Shape - Group","hd":false},{"ty":"mm","mm":1,"nm":"Merge Paths 1","mn":"ADBE Vector Filter - Merge","hd":false},{"ty":"mm","mm":4,"nm":"Merge Paths 2","mn":"ADBE Vector Filter - Merge","hd":false},{"ty":"fl","c":{"a":0,"k":[0.109999997008,0.109999997008,0.109999997008,1],"ix":4},"o":{"a":0,"k":100,"ix":5},"r":1,"bm":0,"nm":"Fill 1","mn":"ADBE Vector Graphic - Fill","hd":false},{"ty":"tr","p":{"a":0,"k":[151,89.208],"ix":2},"a":{"a":0,"k":[0,0],"ix":1},"s":{"a":0,"k":[100,100],"ix":3},"r":{"a":0,"k":0,"ix":6},"o":{"a":0,"k":35,"ix":7},"sk":{"a":0,"k":0,"ix":4},"sa":{"a":0,"k":0,"ix":5},"nm":"Transform"}],"nm":"Group 8","np":6,"cix":2,"bm":0,"ix":3,"mn":"ADBE Vector Group","hd":false},{"ty":"gr","it":[{"ind":0,"ty":"sh","ix":1,"ks":{"a":0,"k":{"i":[[-4.759,0.948],[-4.42,0],[-4.392,-0.876],[-0.948,-4.756],[0,-4.429],[0.88,-4.386],[4.747,-0.949],[4.414,0],[4.471,0.892],[0.949,4.755],[0,4.408],[-0.886,4.451]],"o":[[4.449,-0.887],[4.392,0],[4.757,0.949],[0.898,4.502],[0,4.386],[-0.952,4.746],[-4.339,0.868],[-4.471,0],[-4.756,-0.947],[-0.868,-4.35],[0,-4.449],[0.946,-4.758]],"v":[[-13.248,-22.67],[0.055,-24],[13.232,-22.686],[22.654,-13.263],[24,0.133],[22.68,13.292],[13.269,22.697],[0.14,24],[-13.274,22.663],[-22.697,13.244],[-24,0.108],[-22.672,-13.243]],"c":true},"ix":2},"nm":"Path 1","mn":"ADBE Vector Shape - Group","hd":false},{"ty":"fl","c":{"a":0,"k":[0.969000004787,0.969000004787,0.969000004787,1],"ix":4},"o":{"a":0,"k":100,"ix":5},"r":1,"bm":0,"nm":"Fill 1","mn":"ADBE Vector Graphic - Fill","hd":false},{"ty":"tr","p":{"a":0,"k":[151,88],"ix":2},"a":{"a":0,"k":[0,0],"ix":1},"s":{"a":0,"k":[100,100],"ix":3},"r":{"a":0,"k":0,"ix":6},"o":{"a":0,"k":100,"ix":7},"sk":{"a":0,"k":0,"ix":4},"sa":{"a":0,"k":0,"ix":5},"nm":"Transform"}],"nm":"Group 9","np":4,"cix":2,"bm":0,"ix":4,"mn":"ADBE Vector Group","hd":false},{"ty":"gr","it":[{"ind":0,"ty":"sh","ix":1,"ks":{"a":0,"k":{"i":[[-3.313,0],[0,0],[0,-3.313],[0,0],[3.313,0],[0,0],[0,3.313],[0,0]],"o":[[0,0],[3.313,0],[0,0],[0,3.313],[0,0],[-3.313,0],[0,0],[0,-3.313]],"v":[[-53.5,-8],[53.5,-8],[59.5,-2],[59.5,2],[53.5,8],[-53.5,8],[-59.5,2],[-59.5,-2]],"c":true},"ix":2},"nm":"Path 1","mn":"ADBE Vector Shape - Group","hd":false},{"ty":"fl","c":{"a":0,"k":[0.969000004787,0.969000004787,0.969000004787,1],"ix":4},"o":{"a":0,"k":100,"ix":5},"r":1,"bm":0,"nm":"Fill 1","mn":"ADBE Vector Graphic - Fill","hd":false},{"ty":"tr","p":{"a":0,"k":[59.5,76],"ix":2},"a":{"a":0,"k":[0,0],"ix":1},"s":{"a":0,"k":[100,100],"ix":3},"r":{"a":0,"k":0,"ix":6},"o":{"a":0,"k":100,"ix":7},"sk":{"a":0,"k":0,"ix":4},"sa":{"a":0,"k":0,"ix":5},"nm":"Transform"}],"nm":"Group 10","np":4,"cix":2,"bm":0,"ix":5,"mn":"ADBE Vector Group","hd":false},{"ty":"tr","p":{"a":0,"k":[87.5,-104.25],"ix":2},"a":{"a":0,"k":[87.5,88],"ix":1},"s":{"a":0,"k":[100,100],"ix":3},"r":{"a":0,"k":0,"ix":6},"o":{"a":1,"k":[{"i":{"x":[0.833],"y":[0.833]},"o":{"x":[0.333],"y":[0]},"t":52.5,"s":[0]},{"t":60,"s":[100]}],"ix":7},"sk":{"a":0,"k":0,"ix":4},"sa":{"a":0,"k":0,"ix":5},"nm":"Transform"}],"nm":"2","np":5,"cix":2,"bm":0,"ix":2,"mn":"ADBE Vector Group","hd":false},{"ty":"gr","it":[{"ty":"gr","it":[{"ind":0,"ty":"sh","ix":1,"ks":{"a":0,"k":{"i":[[-2.209,0],[0,0],[0,-2.209],[2.209,0],[0,0],[0,2.209]],"o":[[0,0],[2.209,0],[0,2.209],[0,0],[-2.209,0],[0,-2.209]],"v":[[-16,-4],[16,-4],[20,0],[16,4],[-16,4],[-20,0]],"c":true},"ix":2},"nm":"Path 1","mn":"ADBE Vector Shape - Group","hd":false},{"ty":"fl","c":{"a":0,"k":[0.969000004787,0.969000004787,0.969000004787,1],"ix":4},"o":{"a":0,"k":100,"ix":5},"r":1,"bm":0,"nm":"Fill 1","mn":"ADBE Vector Graphic - Fill","hd":false},{"ty":"tr","p":{"a":0,"k":[20,168],"ix":2},"a":{"a":0,"k":[0,0],"ix":1},"s":{"a":0,"k":[100,100],"ix":3},"r":{"a":0,"k":0,"ix":6},"o":{"a":0,"k":100,"ix":7},"sk":{"a":0,"k":0,"ix":4},"sa":{"a":0,"k":0,"ix":5},"nm":"Transform"}],"nm":"Group 1","np":4,"cix":2,"bm":0,"ix":1,"mn":"ADBE Vector Group","hd":false},{"ty":"gr","it":[{"ind":0,"ty":"sh","ix":1,"ks":{"a":0,"k":{"i":[[-2.209,0],[0,0],[0,-2.209],[2.209,0],[0,0],[0,2.209]],"o":[[0,0],[2.209,0],[0,2.209],[0,0],[-2.209,0],[0,-2.209]],"v":[[-55.5,-4],[55.5,-4],[59.5,0],[55.5,4],[-55.5,4],[-59.5,0]],"c":true},"ix":2},"nm":"Path 1","mn":"ADBE Vector Shape - Group","hd":false},{"ty":"fl","c":{"a":0,"k":[0.969000004787,0.969000004787,0.969000004787,1],"ix":4},"o":{"a":0,"k":100,"ix":5},"r":1,"bm":0,"nm":"Fill 1","mn":"ADBE Vector Graphic - Fill","hd":false},{"ty":"tr","p":{"a":0,"k":[59.5,156],"ix":2},"a":{"a":0,"k":[0,0],"ix":1},"s":{"a":0,"k":[100,100],"ix":3},"r":{"a":0,"k":0,"ix":6},"o":{"a":0,"k":100,"ix":7},"sk":{"a":0,"k":0,"ix":4},"sa":{"a":0,"k":0,"ix":5},"nm":"Transform"}],"nm":"Group 2","np":4,"cix":2,"bm":0,"ix":2,"mn":"ADBE Vector Group","hd":false},{"ty":"gr","it":[{"ind":0,"ty":"sh","ix":1,"ks":{"a":0,"k":{"i":[[0,0],[0,-0.208],[0,0],[0,0],[0,0],[-0.207,0]],"o":[[0.207,0],[0,0],[0,0],[0,0],[0,-0.208],[0,0]],"v":[[-0.754,-7.869],[-0.379,-7.493],[-0.379,-7.222],[-7.032,-7.222],[-7.032,-7.493],[-6.657,-7.869]],"c":true},"ix":2},"nm":"Path 1","mn":"ADBE Vector Shape - Group","hd":false},{"ind":1,"ty":"sh","ix":2,"ks":{"a":0,"k":{"i":[[0,0],[0,0],[0,0],[0,0]],"o":[[0,0],[0,0],[0,0],[0,0]],"v":[[0.356,-6.471],[0.589,-4.565],[-8,-4.565],[-7.768,-6.471]],"c":true},"ix":2},"nm":"Path 2","mn":"ADBE Vector Shape - Group","hd":false},{"ind":2,"ty":"sh","ix":3,"ks":{"a":0,"k":{"i":[[0,0],[-0.26,-1.38],[0,0],[-1.455,0]],"o":[[1.456,0],[0,0],[0.26,-1.38],[0,0]],"v":[[4.269,0.833],[7.197,3.262],[-3.966,3.262],[-1.038,0.833]],"c":true},"ix":2},"nm":"Path 3","mn":"ADBE Vector Shape - Group","hd":false},{"ind":3,"ty":"sh","ix":4,"ks":{"a":0,"k":{"i":[[0,0],[0,-0.435],[0.435,0],[0,0],[0,0.434],[-0.435,0]],"o":[[0.435,0],[0,0.434],[0,0],[-0.435,0],[0,-0.435],[0,0]],"v":[[7.211,4.013],[8,4.802],[7.211,5.591],[-3.98,5.591],[-4.769,4.802],[-3.98,4.013]],"c":true},"ix":2},"nm":"Path 4","mn":"ADBE Vector Shape - Group","hd":false},{"ind":4,"ty":"sh","ix":5,"ks":{"a":0,"k":{"i":[[0,0],[0,0],[0,0],[0.174,-1.898],[0,-0.567],[-0.383,-0.28],[0,0],[0,0],[-0.075,-0.217],[0,0],[0,0],[0,0]],"o":[[0,0],[0,0],[-1.942,0],[-0.458,0.267],[0,0.51],[0,0],[0,0],[0,0.243],[0,0],[0,0],[0,0],[0,0]],"v":[[-0.173,-3.814],[-0.481,0.082],[-1.038,0.082],[-4.753,3.471],[-5.52,4.802],[-4.888,6.045],[-4.769,6.124],[-4.769,6.467],[-4.653,7.161],[-4.591,7.322],[-6.358,7.322],[-7.238,-3.814]],"c":true},"ix":2},"nm":"Path 5","mn":"ADBE Vector Shape - Group","hd":false},{"ind":5,"ty":"sh","ix":6,"ks":{"a":0,"k":{"i":[[0,0],[0,0],[0.773,0],[0,0],[0,0.773],[0,0],[-0.012,0],[0,0]],"o":[[0,0],[0,0.773],[0,0],[-0.774,0],[0,0],[0.013,0],[0,0],[0,0]],"v":[[7.249,6.341],[7.249,6.467],[5.847,7.869],[-2.615,7.869],[-4.018,6.467],[-4.018,6.341],[-3.98,6.342],[7.23,6.342]],"c":true},"ix":2},"nm":"Path 6","mn":"ADBE Vector Shape - Group","hd":false},{"ty":"mm","mm":1,"nm":"Merge Paths 1","mn":"ADBE Vector Filter - Merge","hd":false},{"ty":"mm","mm":4,"nm":"Merge Paths 2","mn":"ADBE Vector Filter - Merge","hd":false},{"ty":"fl","c":{"a":0,"k":[0.109999997008,0.109999997008,0.109999997008,1],"ix":4},"o":{"a":0,"k":100,"ix":5},"r":1,"bm":0,"nm":"Fill 1","mn":"ADBE Vector Graphic - Fill","hd":false},{"ty":"tr","p":{"a":0,"k":[151,152.075],"ix":2},"a":{"a":0,"k":[0,0],"ix":1},"s":{"a":0,"k":[100,100],"ix":3},"r":{"a":0,"k":0,"ix":6},"o":{"a":0,"k":35,"ix":7},"sk":{"a":0,"k":0,"ix":4},"sa":{"a":0,"k":0,"ix":5},"nm":"Transform"}],"nm":"Group 3","np":9,"cix":2,"bm":0,"ix":3,"mn":"ADBE Vector Group","hd":false},{"ty":"gr","it":[{"ind":0,"ty":"sh","ix":1,"ks":{"a":0,"k":{"i":[[-4.759,0.948],[-4.42,0],[-4.392,-0.876],[-0.948,-4.757],[0,-4.429],[0.88,-4.386],[4.747,-0.949],[4.414,0],[4.471,0.892],[0.949,4.755],[0,4.408],[-0.886,4.45]],"o":[[4.449,-0.887],[4.392,0],[4.757,0.949],[0.898,4.501],[0,4.386],[-0.952,4.746],[-4.339,0.868],[-4.471,0],[-4.756,-0.947],[-0.868,-4.35],[0,-4.45],[0.946,-4.759]],"v":[[-13.248,-22.67],[0.055,-24],[13.232,-22.686],[22.654,-13.263],[24,0.133],[22.68,13.292],[13.269,22.697],[0.14,24],[-13.274,22.663],[-22.697,13.244],[-24,0.108],[-22.672,-13.242]],"c":true},"ix":2},"nm":"Path 1","mn":"ADBE Vector Shape - Group","hd":false},{"ty":"fl","c":{"a":0,"k":[0.969000004787,0.969000004787,0.969000004787,1],"ix":4},"o":{"a":0,"k":100,"ix":5},"r":1,"bm":0,"nm":"Fill 1","mn":"ADBE Vector Graphic - Fill","hd":false},{"ty":"tr","p":{"a":0,"k":[151,152],"ix":2},"a":{"a":0,"k":[0,0],"ix":1},"s":{"a":0,"k":[100,100],"ix":3},"r":{"a":0,"k":0,"ix":6},"o":{"a":0,"k":100,"ix":7},"sk":{"a":0,"k":0,"ix":4},"sa":{"a":0,"k":0,"ix":5},"nm":"Transform"}],"nm":"Group 4","np":4,"cix":2,"bm":0,"ix":4,"mn":"ADBE Vector Group","hd":false},{"ty":"gr","it":[{"ind":0,"ty":"sh","ix":1,"ks":{"a":0,"k":{"i":[[-3.313,0],[0,0],[0,-3.313],[0,0],[3.313,0],[0,0],[0,3.313],[0,0]],"o":[[0,0],[3.313,0],[0,0],[0,3.313],[0,0],[-3.313,0],[0,0],[0,-3.313]],"v":[[-53.5,-8],[53.5,-8],[59.5,-2],[59.5,2],[53.5,8],[-53.5,8],[-59.5,2],[-59.5,-2]],"c":true},"ix":2},"nm":"Path 1","mn":"ADBE Vector Shape - Group","hd":false},{"ty":"fl","c":{"a":0,"k":[0.969000004787,0.969000004787,0.969000004787,1],"ix":4},"o":{"a":0,"k":100,"ix":5},"r":1,"bm":0,"nm":"Fill 1","mn":"ADBE Vector Graphic - Fill","hd":false},{"ty":"tr","p":{"a":0,"k":[59.5,140],"ix":2},"a":{"a":0,"k":[0,0],"ix":1},"s":{"a":0,"k":[100,100],"ix":3},"r":{"a":0,"k":0,"ix":6},"o":{"a":0,"k":100,"ix":7},"sk":{"a":0,"k":0,"ix":4},"sa":{"a":0,"k":0,"ix":5},"nm":"Transform"}],"nm":"Group 5","np":4,"cix":2,"bm":0,"ix":5,"mn":"ADBE Vector Group","hd":false},{"ty":"tr","p":{"a":0,"k":[87.5,-104.25],"ix":2},"a":{"a":0,"k":[87.5,88],"ix":1},"s":{"a":0,"k":[100,100],"ix":3},"r":{"a":0,"k":0,"ix":6},"o":{"a":1,"k":[{"i":{"x":[0.833],"y":[0.833]},"o":{"x":[0.333],"y":[0]},"t":22.5,"s":[0]},{"t":30,"s":[100]}],"ix":7},"sk":{"a":0,"k":0,"ix":4},"sa":{"a":0,"k":0,"ix":5},"nm":"Transform"}],"nm":"3","np":5,"cix":2,"bm":0,"ix":3,"mn":"ADBE Vector Group","hd":false},{"ty":"gr","it":[{"ty":"gr","it":[{"ind":0,"ty":"sh","ix":1,"ks":{"a":0,"k":{"i":[[-2.209,0],[0,0],[0,-2.209],[2.209,0],[0,0],[0,2.209]],"o":[[0,0],[2.209,0],[0,2.209],[0,0],[-2.209,0],[0,-2.209]],"v":[[-16,-4],[16,-4],[20,0],[16,4],[-16,4],[-20,0]],"c":true},"ix":2},"nm":"Path 1","mn":"ADBE Vector Shape - Group","hd":false},{"ty":"fl","c":{"a":0,"k":[0.969000004787,0.969000004787,0.969000004787,1],"ix":4},"o":{"a":0,"k":100,"ix":5},"r":1,"bm":0,"nm":"Fill 1","mn":"ADBE Vector Graphic - Fill","hd":false},{"ty":"tr","p":{"a":0,"k":[20,40],"ix":2},"a":{"a":0,"k":[0,0],"ix":1},"s":{"a":0,"k":[100,100],"ix":3},"r":{"a":0,"k":0,"ix":6},"o":{"a":0,"k":100,"ix":7},"sk":{"a":0,"k":0,"ix":4},"sa":{"a":0,"k":0,"ix":5},"nm":"Transform"}],"nm":"Group 11","np":4,"cix":2,"bm":0,"ix":1,"mn":"ADBE Vector Group","hd":false},{"ty":"gr","it":[{"ind":0,"ty":"sh","ix":1,"ks":{"a":0,"k":{"i":[[-2.209,0],[0,0],[0,-2.209],[2.209,0],[0,0],[0,2.209]],"o":[[0,0],[2.209,0],[0,2.209],[0,0],[-2.209,0],[0,-2.209]],"v":[[-55.5,-4],[55.5,-4],[59.5,0],[55.5,4],[-55.5,4],[-59.5,0]],"c":true},"ix":2},"nm":"Path 1","mn":"ADBE Vector Shape - Group","hd":false},{"ty":"fl","c":{"a":0,"k":[0.969000004787,0.969000004787,0.969000004787,1],"ix":4},"o":{"a":0,"k":100,"ix":5},"r":1,"bm":0,"nm":"Fill 1","mn":"ADBE Vector Graphic - Fill","hd":false},{"ty":"tr","p":{"a":0,"k":[59.5,28],"ix":2},"a":{"a":0,"k":[0,0],"ix":1},"s":{"a":0,"k":[100,100],"ix":3},"r":{"a":0,"k":0,"ix":6},"o":{"a":0,"k":100,"ix":7},"sk":{"a":0,"k":0,"ix":4},"sa":{"a":0,"k":0,"ix":5},"nm":"Transform"}],"nm":"Group 12","np":4,"cix":2,"bm":0,"ix":2,"mn":"ADBE Vector Group","hd":false},{"ty":"gr","it":[{"ind":0,"ty":"sh","ix":1,"ks":{"a":0,"k":{"i":[[-0.507,0.416],[-0.164,-0.2],[0.2,-0.164],[0,-0.377],[-0.126,-0.199],[0.219,-0.138],[0.138,0.219],[0,0.416]],"o":[[0.199,-0.165],[0.165,0.2],[-0.288,0.237],[0,0.239],[0.139,0.219],[-0.219,0.139],[-0.222,-0.349],[0,-0.658]],"v":[[0.156,-5.237],[0.815,-5.173],[0.751,-4.513],[0.297,-3.547],[0.49,-2.877],[0.344,-2.23],[-0.302,-2.376],[-0.641,-3.547]],"c":true},"ix":2},"nm":"Path 1","mn":"ADBE Vector Shape - Group","hd":false},{"ind":1,"ty":"sh","ix":2,"ks":{"a":0,"k":{"i":[[-0.165,0.2],[-0.2,-0.164],[0,-0.659],[0.506,-0.416],[0,-0.377],[-0.126,-0.199],[0.219,-0.138],[0.138,0.218],[0,0.416],[-0.507,0.416],[0,0.377],[0.288,0.237]],"o":[[0.164,-0.2],[0.506,0.416],[0,0.658],[-0.288,0.237],[0,0.239],[0.139,0.219],[-0.219,0.139],[-0.222,-0.349],[0,-0.658],[0.288,-0.237],[0,-0.377],[-0.2,-0.165]],"v":[[-2.408,-7.829],[-1.749,-7.894],[-0.953,-6.203],[-1.749,-4.513],[-2.203,-3.547],[-2.01,-2.877],[-2.156,-2.23],[-2.802,-2.376],[-3.141,-3.547],[-2.344,-5.237],[-1.891,-6.203],[-2.344,-7.169]],"c":true},"ix":2},"nm":"Path 2","mn":"ADBE Vector Shape - Group","hd":false},{"ind":2,"ty":"sh","ix":3,"ks":{"a":0,"k":{"i":[[0.43,0],[0,0],[0,0],[0,0],[0,0.43]],"o":[[0,0],[0,0],[0,0],[0.43,0],[0,-0.431]],"v":[[5.172,1.094],[4.672,1.094],[4.672,2.656],[5.172,2.656],[5.953,1.875]],"c":true},"ix":2},"nm":"Path 3","mn":"ADBE Vector Shape - Group","hd":false},{"ind":3,"ty":"sh","ix":4,"ks":{"a":0,"k":{"i":[[0,0],[0,-0.259],[0,0],[0,0],[0,-0.948],[0.948,0],[0,0],[1.436,-0.206],[0,0],[0.259,0],[0,0],[0,0.259],[0,0],[0,1.65],[0,0],[-0.259,0]],"o":[[0.259,0],[0,0],[0,0],[0.948,0],[0,0.948],[0,0],[-0.206,1.435],[0,0],[0,0.259],[0,0],[-0.258,0],[0,0],[-1.588,-0.228],[0,0],[0,-0.259],[0,0]],"v":[[4.203,-0.469],[4.672,0],[4.672,0.156],[5.172,0.156],[6.89,1.875],[5.172,3.594],[4.638,3.594],[1.859,6.372],[1.859,7.531],[1.39,8],[-3.61,8],[-4.078,7.531],[-4.078,6.372],[-6.891,3.125],[-6.891,0],[-6.422,-0.469]],"c":true},"ix":2},"nm":"Path 4","mn":"ADBE Vector Shape - Group","hd":false},{"ty":"mm","mm":1,"nm":"Merge Paths 1","mn":"ADBE Vector Filter - Merge","hd":false},{"ty":"mm","mm":4,"nm":"Merge Paths 2","mn":"ADBE Vector Filter - Merge","hd":false},{"ty":"fl","c":{"a":0,"k":[0.109999997008,0.109999997008,0.109999997008,1],"ix":4},"o":{"a":0,"k":100,"ix":5},"r":1,"bm":0,"nm":"Fill 1","mn":"ADBE Vector Graphic - Fill","hd":false},{"ty":"tr","p":{"a":0,"k":[151.239,24],"ix":2},"a":{"a":0,"k":[0,0],"ix":1},"s":{"a":0,"k":[100,100],"ix":3},"r":{"a":0,"k":0,"ix":6},"o":{"a":0,"k":35,"ix":7},"sk":{"a":0,"k":0,"ix":4},"sa":{"a":0,"k":0,"ix":5},"nm":"Transform"}],"nm":"Group 13","np":7,"cix":2,"bm":0,"ix":3,"mn":"ADBE Vector Group","hd":false},{"ty":"gr","it":[{"ind":0,"ty":"sh","ix":1,"ks":{"a":0,"k":{"i":[[-4.759,0.948],[-4.42,0],[-4.392,-0.876],[-0.948,-4.756],[0,-4.429],[0.88,-4.386],[4.747,-0.95],[4.414,0],[4.471,0.891],[0.949,4.755],[0,4.408],[-0.886,4.451]],"o":[[4.449,-0.887],[4.392,0],[4.757,0.949],[0.898,4.502],[0,4.386],[-0.952,4.746],[-4.339,0.868],[-4.471,0],[-4.756,-0.947],[-0.868,-4.35],[0,-4.449],[0.946,-4.758]],"v":[[-13.248,-22.67],[0.055,-24],[13.232,-22.686],[22.654,-13.263],[24,0.133],[22.68,13.292],[13.269,22.698],[0.14,24],[-13.274,22.663],[-22.697,13.244],[-24,0.108],[-22.672,-13.243]],"c":true},"ix":2},"nm":"Path 1","mn":"ADBE Vector Shape - Group","hd":false},{"ty":"fl","c":{"a":0,"k":[0.969000004787,0.969000004787,0.969000004787,1],"ix":4},"o":{"a":0,"k":100,"ix":5},"r":1,"bm":0,"nm":"Fill 1","mn":"ADBE Vector Graphic - Fill","hd":false},{"ty":"tr","p":{"a":0,"k":[151,24],"ix":2},"a":{"a":0,"k":[0,0],"ix":1},"s":{"a":0,"k":[100,100],"ix":3},"r":{"a":0,"k":0,"ix":6},"o":{"a":0,"k":100,"ix":7},"sk":{"a":0,"k":0,"ix":4},"sa":{"a":0,"k":0,"ix":5},"nm":"Transform"}],"nm":"Group 14","np":4,"cix":2,"bm":0,"ix":4,"mn":"ADBE Vector Group","hd":false},{"ty":"gr","it":[{"ind":0,"ty":"sh","ix":1,"ks":{"a":0,"k":{"i":[[-3.313,0],[0,0],[0,-3.313],[0,0],[3.313,0],[0,0],[0,3.313],[0,0]],"o":[[0,0],[3.313,0],[0,0],[0,3.313],[0,0],[-3.313,0],[0,0],[0,-3.313]],"v":[[-53.5,-8],[53.5,-8],[59.5,-2],[59.5,2],[53.5,8],[-53.5,8],[-59.5,2],[-59.5,-2]],"c":true},"ix":2},"nm":"Path 1","mn":"ADBE Vector Shape - Group","hd":false},{"ty":"fl","c":{"a":0,"k":[0.969000004787,0.969000004787,0.969000004787,1],"ix":4},"o":{"a":0,"k":100,"ix":5},"r":1,"bm":0,"nm":"Fill 1","mn":"ADBE Vector Graphic - Fill","hd":false},{"ty":"tr","p":{"a":0,"k":[59.5,12],"ix":2},"a":{"a":0,"k":[0,0],"ix":1},"s":{"a":0,"k":[100,100],"ix":3},"r":{"a":0,"k":0,"ix":6},"o":{"a":0,"k":100,"ix":7},"sk":{"a":0,"k":0,"ix":4},"sa":{"a":0,"k":0,"ix":5},"nm":"Transform"}],"nm":"Group 15","np":4,"cix":2,"bm":0,"ix":5,"mn":"ADBE Vector Group","hd":false},{"ty":"tr","p":{"a":0,"k":[87.5,88],"ix":2},"a":{"a":0,"k":[87.5,88],"ix":1},"s":{"a":0,"k":[100,100],"ix":3},"r":{"a":0,"k":0,"ix":6},"o":{"a":1,"k":[{"i":{"x":[0.833],"y":[0.833]},"o":{"x":[0.333],"y":[0]},"t":60,"s":[100]},{"t":72,"s":[0]}],"ix":7},"sk":{"a":0,"k":0,"ix":4},"sa":{"a":0,"k":0,"ix":5},"nm":"Transform"}],"nm":"4","np":5,"cix":2,"bm":0,"ix":4,"mn":"ADBE Vector Group","hd":false},{"ty":"gr","it":[{"ty":"gr","it":[{"ind":0,"ty":"sh","ix":1,"ks":{"a":0,"k":{"i":[[-2.209,0],[0,0],[0,-2.209],[2.209,0],[0,0],[0,2.209]],"o":[[0,0],[2.209,0],[0,2.209],[0,0],[-2.209,0],[0,-2.209]],"v":[[-16,-4],[16,-4],[20,0],[16,4],[-16,4],[-20,0]],"c":true},"ix":2},"nm":"Path 1","mn":"ADBE Vector Shape - Group","hd":false},{"ty":"fl","c":{"a":0,"k":[0.969000004787,0.969000004787,0.969000004787,1],"ix":4},"o":{"a":0,"k":100,"ix":5},"r":1,"bm":0,"nm":"Fill 1","mn":"ADBE Vector Graphic - Fill","hd":false},{"ty":"tr","p":{"a":0,"k":[20,104],"ix":2},"a":{"a":0,"k":[0,0],"ix":1},"s":{"a":0,"k":[100,100],"ix":3},"r":{"a":0,"k":0,"ix":6},"o":{"a":0,"k":100,"ix":7},"sk":{"a":0,"k":0,"ix":4},"sa":{"a":0,"k":0,"ix":5},"nm":"Transform"}],"nm":"Group 6","np":4,"cix":2,"bm":0,"ix":1,"mn":"ADBE Vector Group","hd":false},{"ty":"gr","it":[{"ind":0,"ty":"sh","ix":1,"ks":{"a":0,"k":{"i":[[-2.209,0],[0,0],[0,-2.209],[2.209,0],[0,0],[0,2.209]],"o":[[0,0],[2.209,0],[0,2.209],[0,0],[-2.209,0],[0,-2.209]],"v":[[-55.5,-4],[55.5,-4],[59.5,0],[55.5,4],[-55.5,4],[-59.5,0]],"c":true},"ix":2},"nm":"Path 1","mn":"ADBE Vector Shape - Group","hd":false},{"ty":"fl","c":{"a":0,"k":[0.969000004787,0.969000004787,0.969000004787,1],"ix":4},"o":{"a":0,"k":100,"ix":5},"r":1,"bm":0,"nm":"Fill 1","mn":"ADBE Vector Graphic - Fill","hd":false},{"ty":"tr","p":{"a":0,"k":[59.5,92],"ix":2},"a":{"a":0,"k":[0,0],"ix":1},"s":{"a":0,"k":[100,100],"ix":3},"r":{"a":0,"k":0,"ix":6},"o":{"a":0,"k":100,"ix":7},"sk":{"a":0,"k":0,"ix":4},"sa":{"a":0,"k":0,"ix":5},"nm":"Transform"}],"nm":"Group 7","np":4,"cix":2,"bm":0,"ix":2,"mn":"ADBE Vector Group","hd":false},{"ty":"gr","it":[{"ind":0,"ty":"sh","ix":1,"ks":{"a":0,"k":{"i":[[-1.712,0],[-1.225,-0.916],[-0.077,-1.306],[0,0],[0,-0.402],[0.402,0],[0,0],[0,0.402],[-0.401,0],[0,0],[-1.213,0.908]],"o":[[1.712,0],[1.214,0.908],[0,0],[0.402,0],[0,0.402],[0,0],[-0.401,0],[0,-0.402],[0,0],[0.077,-1.306],[1.225,-0.916]],"v":[[0.006,-6.542],[4.56,-5.12],[6.55,-1.7],[6.788,-1.7],[7.516,-0.973],[6.788,-0.245],[-6.788,-0.245],[-7.515,-0.973],[-6.788,-1.7],[-6.538,-1.7],[-4.548,-5.12]],"c":true},"ix":2},"nm":"Path 1","mn":"ADBE Vector Shape - Group","hd":false},{"ind":1,"ty":"sh","ix":2,"ks":{"a":0,"k":{"i":[[0.181,0],[0,0],[0.305,-0.102],[0.846,0],[0.393,0.131],[0.609,0],[0.132,-0.014],[0,0],[0,0],[0,0],[0,0],[0,0],[0,0]],"o":[[0,0],[-0.48,0.017],[-0.394,0.131],[-0.845,0],[-0.344,-0.115],[-0.181,0],[0,0],[0,0],[0,0],[0,0],[0,0],[0,0],[-0.132,-0.014]],"v":[[2.909,2.42],[2.718,2.424],[1.685,2.626],[0,2.906],[-1.684,2.626],[-2.909,2.42],[-3.372,2.443],[-2.706,3.109],[-0.728,5.087],[-0.001,5.814],[0,5.816],[2.707,3.109],[3.373,2.443]],"c":true},"ix":2},"nm":"Path 2","mn":"ADBE Vector Shape - Group","hd":false},{"ind":2,"ty":"sh","ix":3,"ks":{"a":0,"k":{"i":[[-0.768,0],[0,0],[-0.333,-0.108],[-0.036,-0.012],[-0.609,0],[-0.344,0.115],[-0.127,-0.381],[0.381,-0.127],[0.41,-0.054],[0,0],[1.737,0],[0,0],[0,1.738],[0,0],[0.262,0.087],[-0.127,0.381],[-0.381,-0.127],[-0.609,0],[-0.343,0.115],[-0.037,0.013],[-0.769,0],[0,0],[-0.332,-0.108],[-0.037,-0.012],[-0.609,0],[-0.344,0.115],[-0.037,0.013]],"o":[[0,0],[0.635,0.021],[0.037,0.013],[0.344,0.115],[0.61,0],[0.381,-0.127],[0.127,0.381],[-0.262,0.087],[0,0],[0,1.738],[0,0],[-1.738,0],[0,0],[-0.41,-0.054],[-0.381,-0.127],[0.127,-0.381],[0.344,0.115],[0.609,0],[0.037,-0.012],[0.369,-0.12],[0,0],[0.634,0.021],[0.037,0.013],[0.343,0.115],[0.61,0],[0.036,-0.012],[0.368,-0.12]],"v":[[2.909,0.965],[3.13,0.969],[4.485,1.208],[4.594,1.245],[5.818,1.451],[7.043,1.245],[7.963,1.706],[7.503,2.626],[6.546,2.861],[6.546,3.389],[3.395,6.542],[-3.393,6.542],[-6.545,3.389],[-6.545,2.861],[-7.503,2.626],[-7.963,1.706],[-7.043,1.245],[-5.818,1.451],[-4.594,1.245],[-4.484,1.208],[-2.909,0.965],[-2.688,0.969],[-1.334,1.208],[-1.224,1.245],[0,1.451],[1.225,1.245],[1.334,1.208]],"c":true},"ix":2},"nm":"Path 3","mn":"ADBE Vector Shape - Group","hd":false},{"ty":"mm","mm":1,"nm":"Merge Paths 1","mn":"ADBE Vector Filter - Merge","hd":false},{"ty":"mm","mm":4,"nm":"Merge Paths 2","mn":"ADBE Vector Filter - Merge","hd":false},{"ty":"fl","c":{"a":0,"k":[0.109999997008,0.109999997008,0.109999997008,1],"ix":4},"o":{"a":0,"k":100,"ix":5},"r":1,"bm":0,"nm":"Fill 1","mn":"ADBE Vector Graphic - Fill","hd":false},{"ty":"tr","p":{"a":0,"k":[151,89.208],"ix":2},"a":{"a":0,"k":[0,0],"ix":1},"s":{"a":0,"k":[100,100],"ix":3},"r":{"a":0,"k":0,"ix":6},"o":{"a":0,"k":35,"ix":7},"sk":{"a":0,"k":0,"ix":4},"sa":{"a":0,"k":0,"ix":5},"nm":"Transform"}],"nm":"Group 8","np":6,"cix":2,"bm":0,"ix":3,"mn":"ADBE Vector Group","hd":false},{"ty":"gr","it":[{"ind":0,"ty":"sh","ix":1,"ks":{"a":0,"k":{"i":[[-4.759,0.948],[-4.42,0],[-4.392,-0.876],[-0.948,-4.756],[0,-4.429],[0.88,-4.386],[4.747,-0.949],[4.414,0],[4.471,0.892],[0.949,4.755],[0,4.408],[-0.886,4.451]],"o":[[4.449,-0.887],[4.392,0],[4.757,0.949],[0.898,4.502],[0,4.386],[-0.952,4.746],[-4.339,0.868],[-4.471,0],[-4.756,-0.947],[-0.868,-4.35],[0,-4.449],[0.946,-4.758]],"v":[[-13.248,-22.67],[0.055,-24],[13.232,-22.686],[22.654,-13.263],[24,0.133],[22.68,13.292],[13.269,22.697],[0.14,24],[-13.274,22.663],[-22.697,13.244],[-24,0.108],[-22.672,-13.243]],"c":true},"ix":2},"nm":"Path 1","mn":"ADBE Vector Shape - Group","hd":false},{"ty":"fl","c":{"a":0,"k":[0.969000004787,0.969000004787,0.969000004787,1],"ix":4},"o":{"a":0,"k":100,"ix":5},"r":1,"bm":0,"nm":"Fill 1","mn":"ADBE Vector Graphic - Fill","hd":false},{"ty":"tr","p":{"a":0,"k":[151,88],"ix":2},"a":{"a":0,"k":[0,0],"ix":1},"s":{"a":0,"k":[100,100],"ix":3},"r":{"a":0,"k":0,"ix":6},"o":{"a":0,"k":100,"ix":7},"sk":{"a":0,"k":0,"ix":4},"sa":{"a":0,"k":0,"ix":5},"nm":"Transform"}],"nm":"Group 9","np":4,"cix":2,"bm":0,"ix":4,"mn":"ADBE Vector Group","hd":false},{"ty":"gr","it":[{"ind":0,"ty":"sh","ix":1,"ks":{"a":0,"k":{"i":[[-3.313,0],[0,0],[0,-3.313],[0,0],[3.313,0],[0,0],[0,3.313],[0,0]],"o":[[0,0],[3.313,0],[0,0],[0,3.313],[0,0],[-3.313,0],[0,0],[0,-3.313]],"v":[[-53.5,-8],[53.5,-8],[59.5,-2],[59.5,2],[53.5,8],[-53.5,8],[-59.5,2],[-59.5,-2]],"c":true},"ix":2},"nm":"Path 1","mn":"ADBE Vector Shape - Group","hd":false},{"ty":"fl","c":{"a":0,"k":[0.969000004787,0.969000004787,0.969000004787,1],"ix":4},"o":{"a":0,"k":100,"ix":5},"r":1,"bm":0,"nm":"Fill 1","mn":"ADBE Vector Graphic - Fill","hd":false},{"ty":"tr","p":{"a":0,"k":[59.5,76],"ix":2},"a":{"a":0,"k":[0,0],"ix":1},"s":{"a":0,"k":[100,100],"ix":3},"r":{"a":0,"k":0,"ix":6},"o":{"a":0,"k":100,"ix":7},"sk":{"a":0,"k":0,"ix":4},"sa":{"a":0,"k":0,"ix":5},"nm":"Transform"}],"nm":"Group 10","np":4,"cix":2,"bm":0,"ix":5,"mn":"ADBE Vector Group","hd":false},{"ty":"tr","p":{"a":0,"k":[87.5,88],"ix":2},"a":{"a":0,"k":[87.5,88],"ix":1},"s":{"a":0,"k":[100,100],"ix":3},"r":{"a":0,"k":0,"ix":6},"o":{"a":1,"k":[{"i":{"x":[0.833],"y":[0.833]},"o":{"x":[0.333],"y":[0]},"t":30,"s":[100]},{"t":42,"s":[0]}],"ix":7},"sk":{"a":0,"k":0,"ix":4},"sa":{"a":0,"k":0,"ix":5},"nm":"Transform"}],"nm":"5","np":5,"cix":2,"bm":0,"ix":5,"mn":"ADBE Vector Group","hd":false},{"ty":"gr","it":[{"ty":"gr","it":[{"ind":0,"ty":"sh","ix":1,"ks":{"a":0,"k":{"i":[[-2.209,0],[0,0],[0,-2.209],[2.209,0],[0,0],[0,2.209]],"o":[[0,0],[2.209,0],[0,2.209],[0,0],[-2.209,0],[0,-2.209]],"v":[[-16,-4],[16,-4],[20,0],[16,4],[-16,4],[-20,0]],"c":true},"ix":2},"nm":"Path 1","mn":"ADBE Vector Shape - Group","hd":false},{"ty":"fl","c":{"a":0,"k":[0.969000004787,0.969000004787,0.969000004787,1],"ix":4},"o":{"a":0,"k":100,"ix":5},"r":1,"bm":0,"nm":"Fill 1","mn":"ADBE Vector Graphic - Fill","hd":false},{"ty":"tr","p":{"a":0,"k":[20,168],"ix":2},"a":{"a":0,"k":[0,0],"ix":1},"s":{"a":0,"k":[100,100],"ix":3},"r":{"a":0,"k":0,"ix":6},"o":{"a":0,"k":100,"ix":7},"sk":{"a":0,"k":0,"ix":4},"sa":{"a":0,"k":0,"ix":5},"nm":"Transform"}],"nm":"Group 1","np":4,"cix":2,"bm":0,"ix":1,"mn":"ADBE Vector Group","hd":false},{"ty":"gr","it":[{"ind":0,"ty":"sh","ix":1,"ks":{"a":0,"k":{"i":[[-2.209,0],[0,0],[0,-2.209],[2.209,0],[0,0],[0,2.209]],"o":[[0,0],[2.209,0],[0,2.209],[0,0],[-2.209,0],[0,-2.209]],"v":[[-55.5,-4],[55.5,-4],[59.5,0],[55.5,4],[-55.5,4],[-59.5,0]],"c":true},"ix":2},"nm":"Path 1","mn":"ADBE Vector Shape - Group","hd":false},{"ty":"fl","c":{"a":0,"k":[0.969000004787,0.969000004787,0.969000004787,1],"ix":4},"o":{"a":0,"k":100,"ix":5},"r":1,"bm":0,"nm":"Fill 1","mn":"ADBE Vector Graphic - Fill","hd":false},{"ty":"tr","p":{"a":0,"k":[59.5,156],"ix":2},"a":{"a":0,"k":[0,0],"ix":1},"s":{"a":0,"k":[100,100],"ix":3},"r":{"a":0,"k":0,"ix":6},"o":{"a":0,"k":100,"ix":7},"sk":{"a":0,"k":0,"ix":4},"sa":{"a":0,"k":0,"ix":5},"nm":"Transform"}],"nm":"Group 2","np":4,"cix":2,"bm":0,"ix":2,"mn":"ADBE Vector Group","hd":false},{"ty":"gr","it":[{"ind":0,"ty":"sh","ix":1,"ks":{"a":0,"k":{"i":[[0,0],[0,-0.208],[0,0],[0,0],[0,0],[-0.207,0]],"o":[[0.207,0],[0,0],[0,0],[0,0],[0,-0.208],[0,0]],"v":[[-0.754,-7.869],[-0.379,-7.493],[-0.379,-7.222],[-7.032,-7.222],[-7.032,-7.493],[-6.657,-7.869]],"c":true},"ix":2},"nm":"Path 1","mn":"ADBE Vector Shape - Group","hd":false},{"ind":1,"ty":"sh","ix":2,"ks":{"a":0,"k":{"i":[[0,0],[0,0],[0,0],[0,0]],"o":[[0,0],[0,0],[0,0],[0,0]],"v":[[0.356,-6.471],[0.589,-4.565],[-8,-4.565],[-7.768,-6.471]],"c":true},"ix":2},"nm":"Path 2","mn":"ADBE Vector Shape - Group","hd":false},{"ind":2,"ty":"sh","ix":3,"ks":{"a":0,"k":{"i":[[0,0],[-0.26,-1.38],[0,0],[-1.455,0]],"o":[[1.456,0],[0,0],[0.26,-1.38],[0,0]],"v":[[4.269,0.833],[7.197,3.262],[-3.966,3.262],[-1.038,0.833]],"c":true},"ix":2},"nm":"Path 3","mn":"ADBE Vector Shape - Group","hd":false},{"ind":3,"ty":"sh","ix":4,"ks":{"a":0,"k":{"i":[[0,0],[0,-0.435],[0.435,0],[0,0],[0,0.434],[-0.435,0]],"o":[[0.435,0],[0,0.434],[0,0],[-0.435,0],[0,-0.435],[0,0]],"v":[[7.211,4.013],[8,4.802],[7.211,5.591],[-3.98,5.591],[-4.769,4.802],[-3.98,4.013]],"c":true},"ix":2},"nm":"Path 4","mn":"ADBE Vector Shape - Group","hd":false},{"ind":4,"ty":"sh","ix":5,"ks":{"a":0,"k":{"i":[[0,0],[0,0],[0,0],[0.174,-1.898],[0,-0.567],[-0.383,-0.28],[0,0],[0,0],[-0.075,-0.217],[0,0],[0,0],[0,0]],"o":[[0,0],[0,0],[-1.942,0],[-0.458,0.267],[0,0.51],[0,0],[0,0],[0,0.243],[0,0],[0,0],[0,0],[0,0]],"v":[[-0.173,-3.814],[-0.481,0.082],[-1.038,0.082],[-4.753,3.471],[-5.52,4.802],[-4.888,6.045],[-4.769,6.124],[-4.769,6.467],[-4.653,7.161],[-4.591,7.322],[-6.358,7.322],[-7.238,-3.814]],"c":true},"ix":2},"nm":"Path 5","mn":"ADBE Vector Shape - Group","hd":false},{"ind":5,"ty":"sh","ix":6,"ks":{"a":0,"k":{"i":[[0,0],[0,0],[0.773,0],[0,0],[0,0.773],[0,0],[-0.012,0],[0,0]],"o":[[0,0],[0,0.773],[0,0],[-0.774,0],[0,0],[0.013,0],[0,0],[0,0]],"v":[[7.249,6.341],[7.249,6.467],[5.847,7.869],[-2.615,7.869],[-4.018,6.467],[-4.018,6.341],[-3.98,6.342],[7.23,6.342]],"c":true},"ix":2},"nm":"Path 6","mn":"ADBE Vector Shape - Group","hd":false},{"ty":"mm","mm":1,"nm":"Merge Paths 1","mn":"ADBE Vector Filter - Merge","hd":false},{"ty":"mm","mm":4,"nm":"Merge Paths 2","mn":"ADBE Vector Filter - Merge","hd":false},{"ty":"fl","c":{"a":0,"k":[0.109999997008,0.109999997008,0.109999997008,1],"ix":4},"o":{"a":0,"k":100,"ix":5},"r":1,"bm":0,"nm":"Fill 1","mn":"ADBE Vector Graphic - Fill","hd":false},{"ty":"tr","p":{"a":0,"k":[151,152.075],"ix":2},"a":{"a":0,"k":[0,0],"ix":1},"s":{"a":0,"k":[100,100],"ix":3},"r":{"a":0,"k":0,"ix":6},"o":{"a":0,"k":35,"ix":7},"sk":{"a":0,"k":0,"ix":4},"sa":{"a":0,"k":0,"ix":5},"nm":"Transform"}],"nm":"Group 3","np":9,"cix":2,"bm":0,"ix":3,"mn":"ADBE Vector Group","hd":false},{"ty":"gr","it":[{"ind":0,"ty":"sh","ix":1,"ks":{"a":0,"k":{"i":[[-4.759,0.948],[-4.42,0],[-4.392,-0.876],[-0.948,-4.757],[0,-4.429],[0.88,-4.386],[4.747,-0.949],[4.414,0],[4.471,0.892],[0.949,4.755],[0,4.408],[-0.886,4.45]],"o":[[4.449,-0.887],[4.392,0],[4.757,0.949],[0.898,4.501],[0,4.386],[-0.952,4.746],[-4.339,0.868],[-4.471,0],[-4.756,-0.947],[-0.868,-4.35],[0,-4.45],[0.946,-4.759]],"v":[[-13.248,-22.67],[0.055,-24],[13.232,-22.686],[22.654,-13.263],[24,0.133],[22.68,13.292],[13.269,22.697],[0.14,24],[-13.274,22.663],[-22.697,13.244],[-24,0.108],[-22.672,-13.242]],"c":true},"ix":2},"nm":"Path 1","mn":"ADBE Vector Shape - Group","hd":false},{"ty":"fl","c":{"a":0,"k":[0.969000004787,0.969000004787,0.969000004787,1],"ix":4},"o":{"a":0,"k":100,"ix":5},"r":1,"bm":0,"nm":"Fill 1","mn":"ADBE Vector Graphic - Fill","hd":false},{"ty":"tr","p":{"a":0,"k":[151,152],"ix":2},"a":{"a":0,"k":[0,0],"ix":1},"s":{"a":0,"k":[100,100],"ix":3},"r":{"a":0,"k":0,"ix":6},"o":{"a":0,"k":100,"ix":7},"sk":{"a":0,"k":0,"ix":4},"sa":{"a":0,"k":0,"ix":5},"nm":"Transform"}],"nm":"Group 4","np":4,"cix":2,"bm":0,"ix":4,"mn":"ADBE Vector Group","hd":false},{"ty":"gr","it":[{"ind":0,"ty":"sh","ix":1,"ks":{"a":0,"k":{"i":[[-3.313,0],[0,0],[0,-3.313],[0,0],[3.313,0],[0,0],[0,3.313],[0,0]],"o":[[0,0],[3.313,0],[0,0],[0,3.313],[0,0],[-3.313,0],[0,0],[0,-3.313]],"v":[[-53.5,-8],[53.5,-8],[59.5,-2],[59.5,2],[53.5,8],[-53.5,8],[-59.5,2],[-59.5,-2]],"c":true},"ix":2},"nm":"Path 1","mn":"ADBE Vector Shape - Group","hd":false},{"ty":"fl","c":{"a":0,"k":[0.969000004787,0.969000004787,0.969000004787,1],"ix":4},"o":{"a":0,"k":100,"ix":5},"r":1,"bm":0,"nm":"Fill 1","mn":"ADBE Vector Graphic - Fill","hd":false},{"ty":"tr","p":{"a":0,"k":[59.5,140],"ix":2},"a":{"a":0,"k":[0,0],"ix":1},"s":{"a":0,"k":[100,100],"ix":3},"r":{"a":0,"k":0,"ix":6},"o":{"a":0,"k":100,"ix":7},"sk":{"a":0,"k":0,"ix":4},"sa":{"a":0,"k":0,"ix":5},"nm":"Transform"}],"nm":"Group 5","np":4,"cix":2,"bm":0,"ix":5,"mn":"ADBE Vector Group","hd":false},{"ty":"tr","p":{"a":0,"k":[87.5,88],"ix":2},"a":{"a":0,"k":[87.5,88],"ix":1},"s":{"a":0,"k":[100,100],"ix":3},"r":{"a":0,"k":0,"ix":6},"o":{"a":1,"k":[{"i":{"x":[0.833],"y":[0.833]},"o":{"x":[0.333],"y":[0]},"t":0,"s":[100]},{"t":12,"s":[0]}],"ix":7},"sk":{"a":0,"k":0,"ix":4},"sa":{"a":0,"k":0,"ix":5},"nm":"Transform"}],"nm":"6","np":5,"cix":2,"bm":0,"ix":6,"mn":"ADBE Vector Group","hd":false}],"ip":0,"op":378,"st":0,"bm":0}],"markers":[]}